scientific-name,family-name,abundance
Ophioglossum lusitanicum,Ophioglossacées,R
Osmunda regalis,Osmundacées,C
Cystopteris filix-fragilis,Polypodiacées,C
Dryopteris disjuncta,Polypodiacées,RRR
Dryopteris aculeata,Polypodiacées,R
Asplenium petrarchae,Polypodiacées,R
Asplenium obovatum,Polypodiacées,AR
Phyllitis hemionitis,Polypodiacées,AR
Athyrium filix-femina,Polypodiacées,AR
Gymnogramma leptophylla,Polypodiacées,C
Notholaena vellea,Polypodiacées,AC
Adiantum capillus-veneris,Polypodiacées,AC
Pteridium aquilinum,Polypodiacées,C
Pteris cretica,Polypodiacées,RR
Pteris longifolia,Polypodiacées,R
Polypodium vulgare,Polypodiacées,CC
Pilularia minuta,Marsileacées,RR
Isoetes velata ssp. typica,Isoetacées,AC
Isoetes velata ssp. tegulensis,Isoetacées,RR
Isoetes hystrix,Isoetacées,AC
Selaginella denticulata,Selaginellacées,CC
Equisetum maximum,Equisetacées,AC
Taxus baccata,Taxacées,AR
Juniperus oxycedrus ssp. macrocarpa,Cupressacées,C
Juniperus phoenica,Cupressacées,C
Abies numidica,Pinacées,RR
Cedrus libanotica ssp. atlantica,Pinacées,AC
Pinus halepensis,Pinacées,CC
Pinus pinaster ssp. hamiltonii,Pinacées,AR
Ephedra altissima,Ephedracées,C
Typha angustifolia ssp. australis,Typhacées,CC
Sparganium erectum ssp. neglectum,Sparganiacées,AC
Posidonia oceanica,Posidoniacées,CC
Potamogeton lucens var. lancifolius,Potamogetonacées,R
Potamogeton nodosus,Potamogetonacées,CC
Potamogeton pectinatus,Potamogetonacées,AC
Potamogeton trichoides var. tuberculosu,Potamogetonacées,AR
Ruppia maritima ssp. rostellata,Ruppiacées,AC
Ruppia maritima ssp. drepanensis,Ruppiacées,AC
Zannichellia palustris ssp. genuina,Zannichelliacées,AC
Cymodocea nodosa,Zannichelliacées,CC
Triglochin laxiflora,Juncaginacées,C
Triglochin bulbosa,Juncaginacées,AC
AIisma plantago-aquatica,Alismatacées,CC
Echinodorus ranunculoides,Alismatacées,CC
Damasonium alisma ssp. bourgei,Alismatacées,AC
Sorghum halepense,Graminées,C
Sorghum annuum,Graminées,R
Andropogon distachyus,Graminées,R
Hyparrhenia hirta,Graminées,CC
Digitaria sanguinalis,Graminées,CC
Echinochloa crus-galli,Graminées,C
Echinochloa colona,Graminées,C
Panicum repens,Graminées,C
Setaria verticillata ssp. verticillata,Graminées,C
Setaria viridis,Graminées,C
Pennisetum setaceum ssp. asperifolium,Graminées,R
Phalaris truncata,Graminées,AC
Phalaris caerulescens,Graminées,C
Phalaris bulbosa,Graminées,C
Phalaris canariensis,Graminées,C
Phalaris brachystachys,Graminées,C
Phalaris minor,Graminées,C
Phalaris paradoxa,Graminées,C
Anthoxanthum odoratum ssp. eu-odoratum,Graminées,C
Anthoxanthum odoratum ssp. ovatum,Graminées,C
Aristida caerulescens,Graminées,CC
Stipa retorta,Graminées,C
Stipa barbata,Graminées,C
Oryzopsis miliacea,Graminées,C
Oryzopsis caerulescens,Graminées,C
Crypsis schoenoides,Graminées,C
Crypsis alopecuroides,Graminées,AR
Alopecurus bulbosus ssp. macrostachyus,Graminées,AC
Phleum pratense ssp. nodosum,Graminées,AC
Phleum phleoides,Graminées,AR
Agrostis salmantica,Graminées,C
Agrostis reuteri,Graminées,C
Agrostis semiverticillata,Graminées,C
Agrostis stolonifera ssp. scabriglumis,Graminées,AC
Gastridium scabrum,Graminées,CC
Gastridium ventricosnm,Graminées,AC
Polypogon monspeliensis,Graminées,CC
Polypogon maritimum ssp. eu-maritimus,Graminées,C
Lagurus ovatus,Graminées,CC
Ammophila arenaria var. arundinacea,Graminées,C
Eragrostis cilianensis ssp. major,Graminées,C
Cynodon dactylon,Graminées,C
Arundo plinii,Graminées,AC
Arundo donax,Graminées,C
Phragmites communis,Graminées,C
Ampelodesma mauritanicum,Graminées,CC
Holcus lanatus,Graminées,C
Holcus mollis var. triflorus,Graminées,RR
Deschampsia flexuosa,Graminées,C
Corynephorus articulatus ssp. fasciculatus,Graminées,AR
Corynephorus articulatus ssp. eu-articulatus,Graminées,AC
Trisetaria flavescens ssp. pratensis,Graminées,AC
Avena alba,Graminées,CC
Avena sterilis ssp. macrocarpa,Graminées,CC
Avena sterilis ssp. ludoviciana,Graminées,CC
Arrhenatherum elatius ssp. erianthum,Graminées,AC
Gaudinia fragilis ssp. eu-fragilis,Graminées,AC
Koeleria vallesiana,Graminées,AC
Koeleria splendens ssp. caudata,Graminées,AR
Koeleria pubescens ssp. villosa,Graminées,CC
Koeleria phleoides,Graminées,CCC
Avellinia michelii,Graminées,C
Aira tenorii,Graminées,C
Aira caryophyllea ssp. eu-caryophyllea,Graminées,R
Aira cupaniana var. genuina,Graminées,C
Aira cupaniana var. divaricata,Graminées,C
Periballia minuta,Graminées,C
Echinaria capitata,Graminées,C
Melica minuta ssp. eu-minuta,Graminées,C
Melica minuta ssp. major,Graminées,C
Melica uniftora,Graminées,AR
Melica ciliata,Graminées,C
Catabrosa aquatica,Graminées,RR
Sphenopus divaricatus,Graminées,AC
Cutandia maritima,Graminées,AC
Scleropoa rigida,Graminées,CC
Cynosurus baiansae,Graminées,AC
Cynosurus polybracteatus,Graminées,C
Cynosurus elegans ssp. aurasiacus,Graminées,C
Cynosurus elegans ssp. obliquatus,Graminées,C
Cynosurus echinatus,Graminées,C
Lamarckia aurea,Graminées,CC
Dactylis glomerata,Graminées,C
AEluropus iittoraiis,Graminées,C
Poa trivialis,Graminées,C
Poa bulbosa ssp. eu-bulbosa,Graminées,C
Poa annua ssp exilis,Graminées,C
Poa annua ssp. typica,Graminées,C
Poa ligulata var. djurdjurae,Graminées,R
Briza maxima,Graminées,C
Briza minor,Graminées,C
Glyceria fluitans ssp. spicata,Graminées,R
Glyceria fluitans ssp. plicata,Graminées,RR
Puccinellia distans ssp. eu-distans,Graminées,C
Festuca caerulescens,Graminées,CC
Festuca paniculata ssp. durandoi,Graminées,AR
Festuca triflora,Graminées,AC
Festuca drymeja var. grandis,Graminées,R
Festuca atlantica var. eu-atlantica,Graminées,AC
Festuca algeriensis,Graminées,R
Festuca ovina ssp. frigida,Graminées,R
Festuca ovina ssp. laevis,Graminées,R
Vulpia sicula var. setacca,Graminées,C
Vulpia ciliata,Graminées,C
Vulpia geniculata,Graminées,C
Vulpia myuros ssp. pseudo-myuros,Graminées,C
Vulpia myuros ssp. sciuroides,Graminées,C
Vulpia ligustica,Graminées,C
Vulpia membranacea,Graminées,CC
Ctenopsis pectinella,Graminées,AC
Desmazeria sicula,Graminées,RR
Catapodium ioliaceum,Graminées,C
Catapodium salzmanni,Graminées,RR
Nardurus maritimus,Graminées,AR
Bromus ramosus ssp. benekeni,Graminées,AR
Bromus erectus,Graminées,AC
Bromus sterilis,Graminées,AC
Bromus rigidus ssp. maximus,Graminées,CC
Bromus rigidus ssp. gussonii,Graminées,C
Bromus tectorum,Graminées,C
Bromus madritensis ssp. eu-madritensis,Graminées,CC
Bromus rubens ssp. eu-rubens,Graminées,AC
Bromus hordaceus ssp. mollis,Graminées,C
Bromus squarrosus,Graminées,
Bromus intermedius,Graminées,AC
Bromus alopecuros,Graminées,AC
Bromus alopecuros,Graminées,CC
Brachypodium distachyum,Graminées,CC
Brachypodium sylvaticum,Graminées,C
Brachypodium pinnatum,Graminées,C
Brachypodium phoenicoides,Graminées,C
Lolium perenne,Graminées,C
Lolium rigidum,Graminées,C
Lolium multiflorum ssp. italicum,Graminées,AC
Lolium multiflorum ssp. gaudini,Graminées,CC
Lolium temulentum,Graminées,AC
Lepturus cylindricus,Graminées,C
Pholiurus incurvus ssp. incurvatus,Graminées,C
Pholiurus incurvus ssp. filiformis,Graminées,AC
Agropyron pallormitanum var. hispanicum,Graminées,R
Agropyron repens,Graminées,AC
Agropyron littorale,Graminées,RR
Agropyron junceum,Graminées,C
Agropyron elongatum,Graminées,C
Aegilops ventricosa,Graminées,C
Aegilops triuncialis ssp. eu-triuncialis,Graminées,C
Aegilops triuncialis ssp. triaristata,Graminées,C
Aegilops triuncialis ssp. eu-ovata,Graminées,C
Hordeum bulbosum,Graminées,AC
Hordeum maritimum ssp. eu-maritimum,Graminées,CC
Hordeum maritimum ssp. gussoncanum var. annuum,Graminées,R
Hordeum murinum ssp. leporinum,Graminées,CC
Elymus europaeus,Graminées,R
Elymus caput-medusae ssp. crinitus,Graminées,C
Cyperus miehelianus ssp. pygmaeus,Cyperacées,R
Cyperus fuscus,Cyperacées,C
Cyperus flaveseens,Cyperacées,R
Cyperus laevigatus ssp. distachyos,Cyperacées,AC
Cyperus kalli,Cyperacées,C
Cyperus esculentus,Cyperacées,R
Cyperus rotundus ssp. eu-rotundus,Cyperacées,C
Cyperus longus ssp. eu-iongus,Cyperacées,RR
Cyperus longus ssp. badius,Cyperacées,C
Scirpus holoschoenus,Cyperacées,CC
Scirpus pseudosetaceus,Cyperacées,R
Scirpus cernuus,Cyperacées,CC
Scirpus maritimus,Cyperacées,CC
Scirpus lacustris ssp. eu-iacustris,Cyperacées,AC
Scirpus lacustris ssp. glaucus,Cyperacées,CC
Scirpus iittoralis,Cyperacées,AC
Schoenus nigricans,Cyperacées,AC
Carex distachya,Cyperacées,C
Carex remota,Cyperacées,AR
Carex divisa,Cyperacées,C
Carex vulpina ssp. nemorosa,Cyperacées,AR
Carex muricata ssp. divulsa,Cyperacées,C
Carex muricata ssp. pairaei,Cyperacées,R
Carex hispida,Cyperacées,C
Carex flacca,Cyperacées,AC
Carex halleriana,Cyperacées,C
Carex pendula,Cyperacées,AC
Carex extensa,Cyperacées,C
Carex olbiensis,Cyperacées,R
Carex silvatica var. algeriensis,Cyperacées,R
Carex punctata,Cyperacées,AR
Carex distans ssp. eu-distans,Cyperacées,C
Phoenix dactylifera,Palmées,C
Chamaerops humilis,Palmées,CC
Ambrosinia bassii,Aracées,C
Arum italicum,Aracées,CC
Arisarum vulgare ssp. exsertum,Aracées,CC
Biarum bovei ssp. dispar,Aracées,CC
Lemna minor,Lemnacées,CC
Juncus acutus,Juncacées,CC
Juncus maritimus,Juncacées,CC
Juncus inflexus,Juncacées,CC
Juncus conglomeratus,Juncacées,C
Juncus effusus,Juncacées,C
Juncus capitatus,Juncacées,C
Juncus pygmaeus,Juncacées,C
Juncus heterophyllus,Juncacées,R
Juncus fontanesii,Juncacées,C
Juncus valvatus,Juncacées,R
Juncus anceps,Juncacées,C
Juncus articulatus,Juncacées,C
Juncus tenageia ssp. sphaerocarpus,Juncacées,AC
Juncus bufonius ssp. eu-bufonius,Juncacées,AC
Juncus bufonius ssp. foliosus,Juncacées,R
Juncus compressus ssp. gerardi,Juncacées,C
Luzula forsteri,Juncacées,AC
Luzula nodulosa,Juncacées,AC
Colchicum cupani,Liliacées,AC
Colchicum autumnale,Liliacées,C
Merendera filifolia,Liliacées,C
Aphyllanthes monspeliensis,Liliacées,AC
Asphodelus microcarpus,Liliacées,CC
Asphodeline lutea,Liliacées,C
Simethis planifolia,Liliacées,AC
Anthericum liliago ssp. algeriense,Liliacées,AC
Tulipa sylvestris ssp. australis,Liliacées,CC
Gagea granatelli ssp. eu-granatelli,Liliacées,C
Gagea foliosa ssp. eu-foliosa,Liliacées,AC
Scilla hispanica var. algeriensis,Liliacées,AC
Scilla aristidis,Liliacées,AC
Scilla lingulata,Liliacées,C
Scilla autumnalis ssp. eu-autumnalis,Liliacées,C
Scilla autumnalis ssp. fallax,Liliacées,AC
Scilla obtusifolia,Liliacées,C
Scilla numidica,Liliacées,AC
Scilla peruviana,Liliacées,C
Urginea maritima var. anthericoides,Liliacées,AC
Urginea maritima var. pancration,Liliacées,C
Urginea maritima var. numidica,Liliacées,C
Urginea maritima var. spheroïdes,Liliacées,C
Urginea undulata ssp. typica,Liliacées,C
Ornithogalum arabicum,Liliacées,C
Ornithogalum umbellatum ssp. orthophyllum,Liliacées,C
Ornithogalum sessilifiorum,Liliacées,C
Ornithogalum pyramidale ssp. narbonense,Liliacées,AC
Bellevallia mauritaniea var. mauritanica,Liliacées,C
Muscari comosum,Liliacées,AC
Ruscus aculeatus,Liliacées,C
Ruscus hypophyllum,Liliacées,AC
Asparagus stipularis var. horridus,Liliacées,AC
Asparagus albus,Liliacées,C
Asparagus acutifolius,Liliacées,CC
Smilax aspera var. genuina,Liliacées,C
Smilax aspera var. altissima,Liliacées,CC
Allium triquetrum,Liliacées,C
Allium chamaemoly,Liliacées,C
Allium cupani,Liliacées,C
Allium trichocnemis,Liliacées,RR
Allium subhirsutum ssp. album,Liliacées,C
Allium nigrum ssp. odoratissimum,Liliacées,C
Allium roseum ssp. eu-roseum,Liliacées,C
Allium paniculatum var. typicum,Liliacées,C
Allium paniculatum var. fuscum,Liliacées,AC
Allium margaritaceum,Liliacées,C
Allium sphaerocephalum,Liliacées,AC
Leucojum autumnale var. pulchellum,Amaryllidacées,C
Pancratium foetidum,Amaryllidacées,AR
Narcissus elegans,Amaryllidacées,C
Narcissus serotinus,Amaryllidacées,C
Narcissus tazetta ssp. bertolonii,Amaryllidacées,C
Agave americana,Amaryllidacées,C
Tarnus communis,Dioscoreacées,C
Gladiolus segetum,Iridacées,C
Gladiolus byzantinus,Iridacées,C
Iris pseudoacorus,Iridacées,C
Iris foetidissima,Iridacées,C
Iris planifolia,Iridacées,AR
Iris unguicularis,Iridacées,C
Iris juncea,Iridacées,C
Iris sisyrinchium,Iridacées,C
Iris tingitana var. fontanesii,Iridacées,C
Iris xiphium,Iridacées,C
Romulea rollii var. algerica,Iridacées,R
Romulea columnae var. typica,Iridacées,C
Romulea bulbocodiuni ssp. ligustica,Iridacées,C
Romulea bulbocodiuni ssp. eu-bulbocodium,Iridacées,C
Ophrys speculum,Orchidacées,C
Ophrys apifera,Orchidacées,C
Ophrys scolopax,Orchidacées,C
Ophrys tenthredinifera var. genuina,Orchidacées,C
Ophrys bombyliflora,Orchidacées,C
Ophrys lutea,Orchidacées,C
Ophrys fusca,Orchidacées,C
Ophrys atlantica ssp. durieui,Orchidacées,AR
Orchis sulphurea var. markusii,Orchidacées,AR
Orchis maculata ssp. baborica,Orchidacées,RR
Orchis elata ssp. munbyana,Orchidacées,C
Orchis papilionacea,Orchidacées,AR
Orchis longicornu,Orchidacées,C
Orchis coriophora ssp. martini,Orchidacées,C
Orchis coriophora ssp. fragrans,Orchidacées,C
Orchis tridentata ssp. lactea,Orchidacées,C
Orchis italica,Orchidacées,C
Orchis mascula ssp. eu-mascula,Orchidacées,C
Orchis mascula ssp. olbiensis,Orchidacées,C
Orchis laxiflora,Orchidacées,
Serapias cordigera,Orchidacées,C
Serapias lingua,Orchidacées,C
Serapias parviflora ssp. occultata,Orchidacées,C
Serapias anthropophorum,Orchidacées,C
Himanthoglossum longibracteatum,Orchidacées,C
Anacamptis pyramidalis,Orchidacées,AR
Platanthera bifolia,Orchidacées,R
Gennaria diphylla,Orchidacées,RR
Neotinea intacta,Orchidacées,R
Epipactis helleborine var. platyphylla,Orchidacées,R
Cephalanthera longifolia,Orchidacées,AC
Spiranthes spiralis,Orchidacées,C
Neottia nidus-avis var. glandulosa,Orchidacées,RR
Populus euphratica var. mauritanîca,Salicacées,RR
Populus nigra,Salicacées,R
Populus alba,Salicacées,CC
Salix alba,Salicacées,C
Salix purpurea,Salicacées,AC
Salix cinerea,Salicacées,R
Salix pedicellata,Salicacées,CC
AInus glutinosa,Betulacées,AR
Quercus coccifera,Fagacées,C
Quercus ilex,Fagacées,C
Quercus afares,Fagacées,AR
Quercus faginea ssp. baetica,Fagacées,AC
Quercus faginea ssp. tlemcenensis,Fagacées,AC
Rumex scutatus ssp. induratus,Polygonacées,R
Rumex tingitanus,Polygonacées,AC
Rumex tuberosus,Polygonacées,C
Rumex thyrsoides ssp. typicum,Polygonacées,C
Rumex acetosella ssp. angiocarpus,Polygonacées,C
Rumex bucephalophorus ssp. gallicus,Polygonacées,C
Rumex conglomeratus,Polygonacées,CC
Rumex crispus,Polygonacées,C
Rumex pulcher,Polygonacées,CC
Polygonum convolvulus,Polygonacées,AC
Polygonum maritimum,Polygonacées,AC
Polygonum aviculare,Polygonacées,CC
Polygonum patulum,Polygonacées,AC
Polygonum amphibium,Polygonacées,C
Polygonum salicifolium,Polygonacées,C
Polygonum persicaria,Polygonacées,C
Polygonum lapathifolium ssp. verum,Polygonacées,C
Celtis australis,Ulmacées,AC
Ulmus campestris ssp. procera,Ulmacées,C
Ficus carica,Moracées,C
Urtica pilulifera,Urticacées,C
Urtica dioica,Urticacées,AC
Urtica membranacea,Urticacées,C
Urtica urens,Urticacées,C
Parietaria officinalis ssp. judaica,Urticacées,C
Parietaria mauritanica,Urticacées,C
Parietaria lusitanica,Urticacées,R
Osyris alba,Santalacées,AC
Thesium humifusum ssp. diviracatum,Santalacées,AR
Thesium humile,Santalacées,AC
Cytinus hypocistis ssp. kermesinus,Rafflesiacées,C
Cytinus hypocistis ssp. ochraceus,Rafflesiacées,C
Viscum album,Loranthacées,RR
Aristolochia longa ssp. paucinervis,Aristolochiacées,R
Aristolochia longa ssp. fontanesii,Aristolochiacées,AR
Atriplex hastata,Chenopodiacées,C
Atriplex patula,Chenopodiacées,AC
Atriplex portulacoides,Chenopodiacées,C
Atriplex halimus,Chenopodiacées,C
Atriplex glauea var. mauritanica,Chenopodiacées,C
Beta vulgaris ssp. maritima,Chenopodiacées,C
Chenopodium multfidum,Chenopodiacées,C
Chenopodium ambrosioides,Chenopodiacées,C
Chenopodium vulvaria,Chenopodiacées,C
Chenopodium album ssp. album,Chenopodiacées,AC
Chenopodium album ssp. opulifolium,Chenopodiacées,C
Chenopodium murale,Chenopodiacées,C
Arthrocnemum indicumm,Chenopodiacées,C
Salicornia arabica var. typica,Chenopodiacées,CC
Arthrophytum scoparium,Chenopodiacées,AC
Suaeda maritima,Chenopodiacées,AC
Suaeda fruticosa,Chenopodiacées,C
Aerva persica,Amaranthacées,RR
Amaranthus angustifolius ssp. sylvestris,Amaranthacées,C
Amaranthus deflexus,Amaranthacées,C
Amaranthus lividus,Amaranthacées,AC
Amaranthus retroflexus,Amaranthacées,AC
Amaranthus hybridus ssp. hypochondriacus,Amaranthacées,C
Achyranthes aspera,Amaranthacées,AC
Mesembryanthemum nodiflorum,Aizoacées,C
Aizoon hispanicum,Aizoacées,C
Theligonum cynocrambe,Theligonacées,C
Portulaca oleracea ssp. silvestris,Portulacacées,C
Montia fontana,Portulacacées,R
Corrigiola littoralis ssp. littoralis,Caryophyllacées,AC
Corrigiola littoralis ssp. telephiifolia,Caryophyllacées,AC
Herniaria incana,Caryophyllacées,AR
Herniaria glabra,Caryophyllacées,AC
Herniaria hirsuta var. cinerea,Caryophyllacées,AC
Paronychia echinata,Caryophyllacées,C
Paronychia argentea,Caryophyllacées,C
Paronychia capitata ssp. nivea,Caryophyllacées,C
Loefflingia hispanica ssp. eu-hispanica,Caryophyllacées,AC
Polycarpon tetraphyllum,Caryophyllacées,C
Polycarpon peploides,Caryophyllacées,R
Polycarpon polycarpoides ssp. bivonae,Caryophyllacées,CC
Spergula flaccida,Caryophyllacées,C
Spergula arvensis ssp. chieusseana,Caryophyllacées,C
Spergularia marginata ssp. vulgaris,Caryophyllacées,AC
Spergularia marginata ssp. tunetana,Caryophyllacées,AC
Spergularia salina ssp. typica,Caryophyllacées,C
Spergularia heldreichii,Caryophyllacées,
Spergularia diandra,Caryophyllacées,CC
Spergularia bocconei(a),Caryophyllacées,CC
Scleranthus annuus,Alsinoidées,R
Buffonia duvaljouvii,Alsinoidées,RR
Minuartia geniculata,Alsinoidées,C
Minuartia tenuifolia,Alsinoidées,C
Sagina apetala,Alsinoidées,C
Sagina maritima,Alsinoidées,AC
Holosteum umbellatum,Alsinoidées,C
Stellaria media,Alsinoidées,C
Stellaria holostea,Alsinoidées,R
Cerastium gibraltaricum,Alsinoidées,AR
Cerastium atlanticum,Alsinoidées,AR
Cerastium pentandrum ssp. tetrandrum,Alsinoidées,AC
Cerastium pentandrum ssp. gussonei,Alsinoidées,AC
Cerastium glomeratum,Alsinoidées,C
Cerastium brachypetalum ssp. luridum,Alsinoidées,R
Arenaria cerastioides,Alsinoidées,AC
Arenaria serpyllifolia ssp. typica,Alsinoidées,C
Arenaria serpyllifolia ssp. minutiflora,Alsinoidées,CC
Moehringia trinervia ssp. trinervia,Alsinoidées,RR
Moehringia trinervia ssp. pentandra,Alsinoidées,AC
Moehringia stellarioides,Alsinoidées,RR
Agrostemma githago,Silenoidées,AR
Melandrium album ssp. divaricatum,Silenoidées,C
Silene cucubalus ssp. angustifolia,Silenoidées,C
Silene laeta,Silenoidées,C
Silene coeii-rosa,Silenoidées,C
Silene atlantica,Silenoidées,AC
Silene choulettii,Silenoidées,AC
Silene secundiflora,Silenoidées,R
Silene colorata ssp. pubicalycina,Silenoidées,C
Silene gallica,Silenoidées,CC
Silene disticha,Silenoidées,AC
Silene bellidifolia,Silenoidées,AC
Silene neglecta,Silenoidées,AC
Silene imbricata,Silenoidées,AC
Silene reverchoni,Silenoidées,RR
Silene cinerea,Silenoidées,AC
Silene nicaeensis,Silenoidées,C
Silene muscipula ssp. eu-muscipula,Silenoidées,CC
Silene pseudo-atocion,Silenoidées,C
Silene fuscata,Silenoidées,C
Silene sedoides,Silenoidées,RR
Silene sessionis,Silenoidées,RR
Silene mollissima ssp. velutina,Silenoidées,AR
Silene mollissima ssp. fontanesiana,Silenoidées,R
Velezia rigida,Silenoidées,AC
Saponaria giutinosa,Silenoidées,R
Tunica prolifera ssp. velutina,Silenoidées,C
Tunica iiiyrica ssp. angustifolia,Silenoidées,AC
Dianthus balbisii ssp. vulturius,Silenoidées,R
Dianthus serrulatus ssp. eu-serrulatus,Silenoidées,AC
Dianthus caryophyllus ssp. virgineus,Silenoidées,CC
Ceratophyllum demersum,Ceratophyllacées,C
Clematis cirrhosa,Renonculacées,C
Clematis vitalba,Renonculacées,RR
Delphinium orientale,Renonculacées,AC
Delphinium peregrinum ssp. halteratum,Renonculacées,AC
Delphinium pentagynum,Renonculacées,AC
Delphinium staphysagria,Renonculacées,R
Delphinium sylvaticum,Renonculacées,RR
Paeonia corallina ssp. atlantica,Renonculacées,C
Nigella damascenna,Renonculacées,C
Thalictrum minus ssp. saxatile,Renonculacées,R
Anemone palmata,Renonculacées,C
Anemone coronaria,Renonculacées,AR
Adonis annua ssp. autumnalis,Renonculacées,AC
Adonis aestivalis,Renonculacées,AC
Ficaria verna ssp. ficariiformis,Renonculacées,C
Ranunculus hederaceus,Renonculacées,AC
Ranunculus aquatilis,Renonculacées,C
Ranunculus trichophyllus,Renonculacées,AC
Ranunculus bullatus,Renonculacées,CC
Ranunculus ophioglossifolius,Renonculacées,CC
Ranunculus sceleratus,Renonculacées,R
Ranunculus parviflorus,Renonculacées,R
Ranunculus sardous ssp. philonotis,Renonculacées,C
Ranunculus sardous ssp. trilobus,Renonculacées,C
Ranunculus muricatus,Renonculacées,C
Ranunculus arvensis,Renonculacées,C
Ranunculus paludosus,Renonculacées,C
Ranunculus millefoliatus,Renonculacées,R
Ranunculus spicatus ssp. rupestris,Renonculacées,C
Ranunculus macrophyllus,Renonculacées,CC
Epimedium perralderianum,Berberidacées,RR
Laurus nobilis,Lauracées,AC
Papaver somniferum ssp. setigerum,Papaveracées,C
Papaver hybridum,Papaveracées,C
Papaver argemone,Papaveracées,R
Papaver rhoeas,Papaveracées,C
Papaver dubium ssp. eu-dubium,Papaveracées,C
Hypecoum pendulum,Papaveracées,C
Glaucium corniculatum,Papaveracées,C
Glaucium flavum,Papaveracées,C
Corydalis solida,Fumariacées,RR
Fumaria flabellata,Fumariacées,R
Fumaria mairei,Fumariacées,RR
Fumaria capreolata,Fumariacées,C
Fumaria agraria,Fumariacées,C
Fumaria bicolor,Fumariacées,R
Fumaria bastardi,Fumariacées,C
Fumaria parviflora,Fumariacées,C
Fumaria officinalis,Fumariacées,C
Fumaria densiflora,Fumariacées,C
Isatis djurdjurae,Crucifères,R
Isatis tinctoria,Crucifères,R
Cakile aegyptiaca,Crucifères,AR
Rapistrum rugosum ssp. linnaeanum,Crucifères,AC
Rapistrum rugosum ssp. rugosum,Crucifères,AC
Rapistrum rugosum ssp. orientale,Crucifères,AC
Coronopus squamatus,Crucifères,C
Coronopus violaceus,Crucifères,R
BiscutelIa auriculata ssp. auriculata,Crucifères,AC
BiscutelIa didyma,Crucifères,CC
BiscutelIa raphanifolia,Crucifères,AR
Iberis linifolia ssp. atlantica,Crucifères,R
Iberis linifolia ssp. balansae,Crucifères,C
Lepidium glastifolium,Crucifères,AC
Lepidium rigidum,Crucifères,AC
Lepidium draba,Crucifères,AR
Psychine stylosa,Crucifères,AC
Alyssum alpestre ssp. serpyllifolium,Crucifères,AR
Alyssum parviflorum,Crucifères,C
Alyssum granatense,Crucifères,C
Lobularia maritima,Crucifères,C
Draba verna,Crucifères,AC
Draba muralis,Crucifères,R
Capsella bursa-pastoris ssp. bursa,Crucifères,C
Capsella bursa-pastoris ssp. rubella,Crucifères,C
Thlaspi bulbosum ssp. atlanticum,Crucifères,RR
Thlaspi perfoliatum ssp. eu-perfoliatum,Crucifères,C
Thlaspi perfoliatum ssp. tinei,Crucifères,C
Bivonaea lutea,Crucifères,AC
Teesdalia coronopifolia,Crucifères,AC
Ionopsidium albiflorum,Crucifères,R
Raphanus sativus ssp. landra,Crucifères,AC
Raphanus sativus ssp. sativus,Crucifères,AC
Raphanus raphanistum,Crucifères,AC
Eruca vesicaria ssp. vesicaria,Crucifères,C
Eruca vesicaria ssp. pinnatifida,Crucifères,C
Hirschfeldia incana ssp. adpressa,Crucifères,AC
Hirschfeldia incana ssp. geniculata,Crucifères,C
Diplotaxis tenuisiliqua,Crucifères,AC
Diplotaxis viminea,Crucifères,R
Diplotaxis muralis,Crucifères,C
Sinapis pubescens ssp. pubescens,Crucifères,C
Sinapis arvensis,Crucifères,C
Sinapis alba ssp. alba,Crucifères,C
Sinapis alba ssp. dissecta,Crucifères,C
Brassica gravinae,Crucifères,AC
Brassica amplexicaulis,Crucifères,CC
Brassica nigra,Crucifères,R
Conringia orientalis,Crucifères,C
Moricandia arvensis ssp. arvensis,Crucifères,CC
Moricandia arvensis ssp. suffruticosa,Crucifères,C
Alliaria officinalis,Crucifères,AC
Cardamine hirsuta ssp. hirsuta,Crucifères,CC
Barbarea vulgaris ssp. vulgaris,Crucifères,AC
Arabis verna,Crucifères,AR
Arabis alpina ssp. caucasica,Crucifères,AR
Arabis doumetii,Crucifères,R
Arabis auriculata,Crucifères,AC
Arabis parvula,Crucifères,AC
Arabis glabra ssp. pseudo-turritis,Crucifères,AR
Arabis pubescens,Crucifères,AC
Arabis hirsuta ssp. sagittata,Crucifères,AC
Rorippa nasturtium-aquaticum,Crucifères,C
Rorippa amphibia,Crucifères,RR
Erysimum incanum,Crucifères,AC
Sisymbrium officinale,Crucifères,C
Sisymbrium orientale,Crucifères,C
Sisymbrium irio,Crucifères,C
Matthiola fruticulosa,Crucifères,AC
Matthiola parviflora,Crucifères,C
Matthiola tricuspidata,Crucifères,R
Reseda alba ssp. eu-alba,Resedacées,AC
Reseda luteola,Resedacées,AC
Reseda lutea ssp. lutea,Resedacées,AR
Reseda lutea ssp. neglecta,Resedacées,AC
Reseda phytenma ssp. eu phyteuma,Resedacées,R
Cotyledon umbilicus-veneris ssp. pendulina,Crassulacées,C
Cotyledon breviflora ssp. salzmannii,Crassulacées,C
Cotyledon breviflora ssp. intermedia,Crassulacées,C
Crassula alata,Crassulacées,C
Crassula vaillantii,Crassulacées,AR
Sedum tenuifolium,Crassulacées,C
Sedum sediforme,Crassulacées,C
Sedum multiceps,Crassulacées,R
Sedum album ssp. album,Crassulacées,C
Sedum dasyphyllum ssp. eu-dasyphyllum,Crassulacées,C
Sedum cepaea,Crassulacées,R
Sedum stellatum,Crassulacées,RR
Sedum caeruleum,Crassulacées,CC
Sedum pubescens,Crassulacées,AC
Sedum rubens,Crassulacées,AC
Sedum caespitosum,Crassulacées,C
Saxifraga cymbalaria var. atlantica,Saxifragacées,RR
Saxifraga tridactylites,Saxifragacées,AC
Saxifraga veronicifolia,Saxifragacées,AR
Saxifraga dumidica,Saxifragacées,RR
Saxifraga globulifera,Saxifragacées,AC
Aichemilla arvensis ssp. floribunda,Rosacées,AC
Sanguisorba mauritanica,Rosacées,AC
Sanguisorba minor ssp. verrucosa,Rosacées,AC
Sanguisorba minor ssp. muricata,Rosacées,R
Agrimonia eupatoria,Rosacées,AC
Filipendula hexapctala,Rosacées,R
Potentilla micrantha,Rosacées,AR
Potentilla recta,Rosacées,AC
Potentilla reptans,Rosacées,AC
Geum sylvaticum,Rosacées,AC
Geum urbanum,Rosacées,AC
Rubus ulmifolius,Rosacées,C
Rubus incanescens,Rosacées,R
Rosa sempervirens,Rosacées,AC
Rosa canina,Rosacées,C
Rosa micrantha,Rosacées,AR
Prunus avium,Rosacées,AC
Prunus prostrata,Rosacées,C
Prunus amygdalus,Rosacées,C
Prunus spinosa ssp. fruticans,Rosacées,C
Prunus insititia,Rosacées,AC
Cotoneaster racemiflora,Rosacées,AR
Crataegus oxyacantha ssp. monogyna,Rosacées,C
Crataegus oxyacantha ssp. maura,Rosacées,C
Crataegus laciniata,Rosacées,AR
Crataegus azarolus,Rosacées,C
Amelanchier ovalis,Rosacées,R
Sorbus torminalis,Rosacées,R
Sorbus aria,Rosacées,R
Genista numidica ssp. numidica,Legumineuses,C
Genista ulicina,Legumineuses,AR
Genista vepres,Legumineuses,R
Genista tricuspidata ssp. eu-tricuspidata,Legumineuses,CC
Retama monosperma,Legumineuses,AC
Spartium junceum,Legumineuses,AR
Anagyris foetida,Legumineuses,AC
Ononis hispida ssp. hispida,Legumineuses,C
Ononis natrix ssp. aroorescens,Legumineuses,AC
Ononis natrix ssp. hispanica,Legumineuses,R
Ononis natrix ssp. ramosissima,Legumineuses,C
Ononis natrix ssp. natrix,Legumineuses,R
Ononis sicula,Legumineuses,C
Ononis pubescens,Legumineuses,AC
Ononis viscosa ssp. breviflora,Legumineuses,C
Ononis laxiflora,Legumineuses,AC
Ononis pendula ssp. fontanesiana,Legumineuses,C
Ononis variegata,Legumineuses,C
Ononis alba ssp. monophylla,Legumineuses,C
Ononis rosea,Legumineuses,R
Ononis mitissima,Legumineuses,C
Ononis diffusa,Legumineuses,AC
Calycotome spinosa ssp. spinosa,Legumineuses,CC
Calycotome villosa ssp. villosa,Legumineuses,AC
Cytisus triforus,Legumineuses,C
Cytisus monspessulanus,Legumineuses,AC
Lotophyllus argenteus ssp. linnaeanus,Legumineuses,C
Dorycnium rectum,Legumineuses,C
Tetragonolobus hiflorus,Legumineuses,AC
Tetragonolobus purpureus,Legumineuses,C
Lotus conimbricensis,Legumineuses,AR
Lotus edulis,Legumineuses,C
Lotus drepanocarpus,Legumineuses,R
Lotus ornithopodioides,Legumineuses,C
Lotus creticus ssp. eu-creticus,Legumineuses,C
Lotus creticus ssp. coilinus,Legumineuses,AC
Lotus creticus ssp. cytisoides,Legumineuses,AC
Lotus pedunculatus,Legumineuses,R
Lotus palustris,Legumineuses,AR
Lotus corniculatus ssp. eu-corniculatus,Legumineuses,AC
Lotus corniculatus ssp. decumbens,Legumineuses,AC
Lotus hispidus,Legumineuses,AC
Lotus angustissimus,Legumineuses,RR
Scorpiurus vermiculatus,Legumineuses,C
Scorpiurus muricatus ssp. sulcatus,Legumineuses,C
Medicago lupulina,Legumineuses,C
Medicago marina,Legumineuses,AC
Medicago scutellata,Legumineuses,AC
Medicago orbicularis,Legumineuses,C
Medicago italica ssp. helix,Legumineuses,C
Medicago italica ssp. tornata,Legumineuses,R
Medicago ciliaris,Legumineuses,C
Medicago truncatula,Legumineuses,CC
Medicago rigidula,Legumineuses,R
Medicago hispida,Legumineuses,C
Psoralea bituminosa,Legumineuses,C
Melilotus sicula,Legumineuses,AC
Melilotus indica,Legumineuses,AC
Melilotus sulcata ssp. brachystachys,Legumineuses,C
Melilotus sulcata ssp. segetulis,Legumineuses,C
Melilotus macrocarpa,Legumineuses,AC
Trifolium campestre,Legumineuses,CC
Trifolium filiforme ssp. micranthum,Legumineuses,AR
Trifolium spumosum,Legumineuses,AC
Trifolium tomentosum,Legumineuses,C
Trifolium resupinatum,Legumineuses,C
Trifolium fragiferum,Legumineuses,AC
Trifolium subterraneum,Legumineuses,AC
Trifolium phleoides ssp. audigieri,Legumineuses,AC
Trifolium juliani,Legumineuses,C
Trifolium angustifolium,Legumineuses,C
Trifolium arvense,Legumineuses,CC
Trifolium glomeratum,Legumineuses,AC
Trifolium scabrum,Legumineuses,C
Trifolium striatum,Legumineuses,C
Trifolium pratense,Legumineuses,AR
Trifolium cherleri,Legumineuses,C
Trifolium repens,Legumineuses,C
Trifolium stellatum,Legumineuses,CC
Trifolium squarrosum,Legumineuses,C
Trifolium lappaceum,Legumineuses,C
Trifolium maritimum,Legumineuses,C
Trifolium isthmocarpum,Legumineuses,C
Anthyllis cytisoides,Legumineuses,R
Anthyllis tetraphylla,Legumineuses,C
Anthyllis hamosa,Legumineuses,R
Anthyllis vulneraria ssp. maura,Legumineuses,CC
Anthyllis montana var. algrica,Legumineuses,R
Coronilla atlantica,Legumineuses,AC
Coronilla scorpioides,Legumineuses,C
Coronilla repanda ssp. eu-repanda,Legumineuses,R
Coronilla juncea ssp. eu-juncea,Legumineuses,C
Coronilla minima,Legumineuses,AC
Coronilla valentina ssp. glauca,Legumineuses,AC
Coronilla valentina ssp. pentaphylla,Legumineuses,C
Coronilla valentina ssp. speciosa,Legumineuses,AC
Lupinus luteus,Legumineuses,AC
Lupinus angustifolius,Legumineuses,C
Lupinus hirsutus,Legumineuses,AC
Pisum sativum ssp. elatius,Legumineuses,CC
Lens culinaris ssp. nigricans,Legumineuses,R
Lens lenticula,Legumineuses,AR
Vicia narbonensis,Legumineuses,R
Vicia lathyroides,Legumineuses,AR
Vicia lutea ssp. eu-iutea,Legumineuses,C
Vicia lutea ssp. vestita,Legumineuses,C
Vicia sativa ssp. obovata,Legumineuses,C
Vicia sativa ssp. consobrina,Legumineuses,AC
Vicia sativa ssp. cordata,Legumineuses,RR
Vicia sativa ssp. angustifolia,Legumineuses,R
Vicia monantha ssp. calcarata,Legumineuses,C
Vicia sicula,Legumineuses,CC
Vicia ochroleuca ssp. baborensis,Legumineuses,RR
Vicia ochroleuca ssp. atlantica,Legumineuses,R
Vicia benghalensis ssp. atropurpurea,Legumineuses,AC
Vicia altissima,Legumineuses,AC
Vicia onobrychioides,Legumineuses,AC
Vicia villosa ssp. dasycarpa,Legumineuses,C
Vicia monardi,Legumineuses,AR
Vicia disperma,Legumineuses,CC
Vicia tetrasperma ssp. gracilis,Legumineuses,CC
Vicia tetrasperma ssp. pubescens,Legumineuses,AC
Vicia tetrasperma ssp. tetrasperma,Legumineuses,AC
Lathyrus aphaca,Legumineuses,CC
Lathyrus ochrus,Legumineuses,CC
Lathyrus hirsutus,Legumineuses,AR
Lathyrus sphaericus,Legumineuses,C
Lathyrus inconspicuus,Legumineuses,RR
Lathyrus setifolius,Legumineuses,R
Lathyrus latifolius,Legumineuses,CC
Lathyrus cicera,Legumineuses,CC
Lathyrus quadrimarginatus ssp. tetrapterus,Legumineuses,R
Lathyrus articulatus ssp. typicus,Legumineuses,CC
Lathyrus niger,Legumineuses,R
Biserrula pelecinus,Legumineuses,AR
Hippocrepis scabra,Legumineuses,C
Hippocrepis unisiliquosa ssp. linnaeana,Legumineuses,C
Hippocrepis multisiliquosa ssp. confusa,Legumineuses,C
Hippocrepis multisiliquosa ssp. ciliata,Legumineuses,C
Hedysarum multisiliquosa ssp. capitatum,Legumineuses,C
Hedysarum flexuosum,Legumineuses,C
Ornithopus compressus,Legumineuses,C
Onobrychis pallasii ssp. kabylica,Legumineuses,AR
Astragalus echinatus,Legumineuses,C
Astragalus sesameus,Legumineuses,C
Astragalus epiglottis,Legumineuses,C
Astragalus baeticus,Legumineuses,CC
Astragalus hamosus,Legumineuses,AC
Astragalus caprinus ssp. eu-caprinus,Legumineuses,C
Astragalus caprinus ssp. lanigerus,Legumineuses,AC
Astragalus monspessulanus,Legumineuses,AC
Ceratonia siliqua,Cesalpiniées,C
Geranium lucidum,Geraniacées,CC
Geranium robertianum ssp. purpureum,Geraniacées,CC
Geranium pyrenaicum,Geraniacées,R
Geranium malvaeflorum,Geraniacées,R
Geranium atlanticum,Geraniacées,C
Geranium rotundifolium,Geraniacées,C
Geranium molle,Geraniacées,CC
Geranium lanuginosum,Geraniacées,RR
Erodium battandieranum,Geraniacées,R
Erodium botrys,Geraniacées,C
Erodium moschatum,Geraniacées,CC
Erodium bipinnatum,Geraniacées,C
Erodium cicutarium,Geraniacées,C
Erodium pachyrhizum,Geraniacées,R
Erodium malachoides ssp. eu-malachoides,Geraniacées,CC
Erodium chium,Geraniacées,CC
Erodium alnifoiium,Geraniacées,C
Erodium triangulare ssp. bovei,Geraniacées,C
Erodium muobyanum,Geraniacées,AC
Oxalis corniculata,Oxalidacées,AC
Oxalis cernua,Oxalidacées,CC
Oxalis compressa,Oxalidacées,R
Radiola linoides,Linacées,R
Linum tenue ssp. tenue,Linacées,R
Linum strictum,Linacées,AC
Linum gallicum,Linacées,C
Linum numidicum var. typicum,Linacées,R
Linum corymbiferum ssp. corymbiferum,Linacées,CC
Linum decumbens,Linacées,AR
Linum usitatissimllm ssp. angustifolium,Linacées,CC
Tribulus terrester,Zygophyllacées,CC
Ruta montana,Rutacées,C
Ruta chalepensis ssp. angustifolia,Rutacées,C
Ruta chalepensis ssp. latifolia,Rutacées,C
Polygala rupestris,Polygalacées,AC
Polygala monspeliaca,Polygalacées,CC
Polygala nicreensis,Polygalacées,C
Ricinus communis,Euphorbiacées,AC
Euphorbia dendroides,Euphorbiacées,RR
Euphorbia bivonae,Euphorbiacées,AC
Euphorbia peplis,Euphorbiacées,AC
Euphorbia chamaesyce,Euphorbiacées,AC
Euphorbia amygdaloides,Euphorbiacées,R
Euphorbia pterococca,Euphorbiacées,AC
Euphorbia peplus,Euphorbiacées,CC
Euphorbia pubescens,Euphorbiacées,CC
Euphorbia paniculata,Euphorbiacées,C
Euphorbia atlantica,Euphorbiacées,AC
Euphorbia helioscopia ssp. eu-helioscopia,Euphorbiacées,C
Euphorbia biumbellata,Euphorbiacées,R
Euphorbia paralios,Euphorbiacées,R
Euphorbia segetalis ssp. pinea,Euphorbiacées,AC
Euphorbia terracina,Euphorbiacées,C
Euphorbia bupleuroides ssp. luteola,Euphorbiacées,AC
Euphorbia exigua,Euphorbiacées,CC
Euphorbia medicaginea,Euphorbiacées,AC
Euphorbia falcata,Euphorbiacées,AC
MercuriaIis annua,Euphorbiacées,CC
MercuriaIis perennis,Euphorbiacées,R
Chrozophora tinctoria,Euphorbiacées,AC
Callitriche hermaphroditica ssp. truncata,Callitrichacées,CC
Callitriche palustris ssp. pedunculata,Callitrichacées,AR
Callitriche palustris ssp. stagnalis,Callitrichacées,AC
Callitriche palustris ssp. obtusangula,Callitrichacées,AC
Buxus sempervirens,Buxacées,RR
Coriaria myrtifolia,Coriariacées,AR
Pistacia lentiscus,Anacardiacées,CC
Pistacia terebinthus,Anacardiacées,AC
Pistacia atlantica,Anacardiacées,AC
Ilex aquifolium,Aquifoliacées,AC
Evonymus latifolius var. kabylicum,Celastracées,RR
Acer monspessulanum ssp. eu-monspessulanum,Aceracées,C
Acer campestre,Aceracées,R
Acer opalus,Aceracées,RR
Acer obtusatum ssp. eu-obtusatum,Aceracées,R
Rhamnus lycioides ssp. oleoides,Rhamnacées,AC
Rhamnus alaternus ssp. eu-alaternus,Rhamnacées,CC
Rhamnus alaternus ssp. myrtifolia,Rhamnacées,AC
Rhamnus cathartica,Rhamnacées,RR
Rhamnus alpina,Rhamnacées,AR
Ziziphus vinifera,Rhamnacées,C
Althaea hirsuta,Malvacées,RR
Hibiscus roseus,Malvacées,RR
Hibiscus trionum,Malvacées,R
Malope malachoides ssp. stipulacea,Malvacées,C
Malope malachoides ssp. eu-malachoides,Malvacées,R
Malva sylvestris,Malvacées,CC
Malva parviflora,Malvacées,CC
Malva nicreensis,Malvacées,AC
Lavatera trimestris,Malvacées,CC
Lavatera cretica,Malvacées,CC
Lavatera olbia,Malvacées,C
Lavatera maritima,Malvacées,AC
Daphne oleoides var. atlantica,Thymelaeacées,R
Daphne gnidium,Thymelaeacées,C
Daphne laureola var. latifolia,Thymelaeacées,R
Thymelaea passerina,Thymelaeacées,C
Thymelaea hirsuta,Thymelaeacées,CC
Lythrum salicaria,Lythracées,C
Lythrum junceum,Lythracées,CC
Lythrum tribracteatum,Lythracées,CC
Lythrum hyssopifolia,Lythracées,CC
Lythrum thymifolia,Lythracées,AR
PepIis portula,Lythracées,R
PepIis numulariaefolia,Lythracées,AR
Circaea lutetiana,Onagracées,AC
Epilobium tetragonum ssp. obscurum,Onagracées,R
Epilobium tetragonum ssp. tournefortii,Onagracées,AR
Epilobium tetragonum ssp. adnatum,Onagracées,AC
Epilobium lanceolatum,Onagracées,R
Epilobium parviflorum,Onagracées,AR
Myriophyllum alternifolium,Halorrhagacées,R
Myriophyllum verticillatum,Halorrhagacées,CC
Myriophyllum spicatum,Halorrhagacées,AC
Hedera helix ssp. canariensis,Araliacées,CC
Eryngium barreiieri,Ombellifères,R
Eryngium triquetrum,Ombellifères,CC
Eryngium maritimum,Ombellifères,C
Eryngium dichotomun,Ombellifères,CC
Eryngium tricuspidatum ssp. eu-triscuspidatum,Ombellifères,CC
Bupleurum lancifolium,Ombellifères,CC
Bupleurum tenuissimum,Ombellifères,CC
Bupleurum semicompositum,Ombellifères,AC
Bupleurum fruticosum,Ombellifères,AR
Bupleurum plantaginenm,Ombellifères,RR
Bupleurum montanum,Ombellifères,AR
Bupleurum balansae,Ombellifères,AC
Sanicula europaea,Ombellifères,AC
Thapsia villosa,Ombellifères,AC
Thapsia garganica,Ombellifères,CC
Margotia gummifera,Ombellifères,AC
Elaeoselinum asclepium ssp. meoides,Ombellifères,CC
Elaeoselinum thapsioides,Ombellifères,CC
Scandix pecten-veneris,Ombellifères,CC
Pimpinella tragium,Ombellifères,AC
Pimpinella battandieri,Ombellifères,R
Bifora testiculata,Ombellifères,AC
Bippomarathrum libanotis ssp. pterochlaennm,Ombellifères,CC
Capnophyllum peregrinnm,Ombellifères,C
Daucus virgatus,Ombellifères,R
Daucus reboudii,Ombellifères,R
Daucus setifolius,Ombellifères,AC
Daucus crinitus,Ombellifères,AC
Daucus carota ssp. hispanicus,Ombellifères,CC
Daucus carota ssp. carota,Ombellifères,R
Daucus carota ssp. maritimus,Ombellifères,R
Daucus carota ssp. maximus,Ombellifères,CC
Daucus carota ssp. mauritanieus,Ombellifères,C
Daucus aureus,Ombellifères,CC
Daucus muricatus,Ombellifères,CC
Orlaya maritima,Ombellifères,CC
Orlaya platycarpos,Ombellifères,AR
Turgenia latifolia,Ombellifères,C
CaucaIis coerulescens,Ombellifères,R
CaucaIis leptophylla,Ombellifères,CC
Torilis nodosa,Ombellifères,CC
Torilis arvensis ssp. heterophylla,Ombellifères,R
Torilis arvensis ssp. divaricata,Ombellifères,R
Torilis arvensis ssp. neglecta,Ombellifères,CC
Magydaris pastinacea,Ombellifères,C
Tinguarra sicula,Ombellifères,AC
Physocaulos nodosus,Ombellifères,R
Crithmum maritimum,Ombellifères,CC
Ferula lutea,Ombellifères,C
Ferula communis,Ombellifères,CC
Heracleum sphondylium ssp. atlanticum,Ombellifères,R
Peucedanum munbyi,Ombellifères,C
Peucedanum cervaria,Ombellifères,RR
Ammoides verticillata,Ombellifères,CC
Ammoides atlantica,Ombellifères,AC
Foeniculum vulgare ssp. piperitum,Ombellifères,CC
Foeniculum vulgare ssp. capillaceum,Ombellifères,C
Ridolfia segetum,Ombellifères,CC
OEnanthe giobulosa,Ombellifères,CC
OEnanthe fistulosa,Ombellifères,CC
OEnanthe virgata,Ombellifères,CC
OEnanthe peucedanifolia,Ombellifères,AR
OEnanthe silaiüolia var. media,Ombellifères,R
Helosciadium nodiflorum,Ombellifères,CC
Helosciadium crassipes,Ombellifères,RR
Balansaea glaberrima,Ombellifères,CC
Anthriscus silvestris,Ombellifères,R
Anthriscus vulgaris,Ombellifères,AC
Conium maculatum,Ombellifères,AR
Danaa verticillata,Ombellifères,R
Apium graveolens,Ombellifères,C
Sison amomum,Ombellifères,RR
Kundmannia sicula,Ombellifères,CC
Carum montanum,Ombellifères,R
SeseIi varium,Ombellifères,R
Ammi visnaga,Ombellifères,CC
Ammi majus,Ombellifères,CC
Smyrnium olusatrum,Ombellifères,CC
Smyrnium perfoliatum,Ombellifères,R
Chaerophyllum temulum,Ombellifères,R
Bunium incrassatum,Ombellifères,CC
Bunium fontanesii,Ombellifères,R
Bunium alpinum,Ombellifères,CC
Hypericum androsaemum,Hypericacées,R
Hypericum tomentosum ssp. eu-tomentosum,Hypericacées,CC
Hypericum tomentosum ssp. pubescens,Hypericacées,AC
Hypericum perforatum,Hypericacées,C
Hypericum afrum,Hypericacées,AC
Hypericum montanum,Hypericacées,R
Elatine alsinastrum,Elatinacées,RR
Frankenia laevis ssp. hirsuta,Frankeniacées,CC
Frankenia laevis ssp. intermedia,Frankeniacées,CC
Tamarix gallica ssp. gallica,Tamaricacées,CC
Tamarix africana,Tamaricacées,CC
Viola silvestris ssp. reichenbachiana,Violacées,AC
Viola silvestris ssp. riviniana,Violacées,R
Viola denhardtii,Violacées,C
Viola odorata,Violacées,C
Viola munbyana,Violacées,AC
Cistus salvifolius,Cistacées,CC
Cistus monspeliensis,Cistacées,CCC
Halimium halimifoiium ssp halimifolium,Cistacées,AC
Tuberaria vulgaris,Cistacées,R
Tuberaria guttata ssp. inconspicua,Cistacées,R
Tuberaria guttata ssp. variabilis,Cistacées,CC
Tuberaria guttata ssp. macrosepala,Cistacées,R
HeIianthemum racemosum,Cistacées,CC
HeIianthemum hirtum ssp. ruficomum,Cistacées,CCC
HeIianthemum aegyptiacum,Cistacées,CC
HeIianthemum ledifolinm,Cistacées,C
Fumana thymifolia,Cistacées,C
Fumana laevipes,Cistacées,C
Fumana ericoides var. scoparia,Cistacées,R
Arbutus unedo,Ericacées,CC
Erica cinerea var. numidica,Ericacées,RR
Erica muitiflora,Ericacées,CC
Erica arborea,Ericacées,C
Erica scoparia,Ericacées,AR
Cyclamen africanum,Primulacées,CC
Cyclamen repandum ssp. atlanticum,Primulacées,R
Primula vulgaris var. atlantica,Primulacées,R
Androsace maxima,Primulacées,AR
Coris monspeliensis,Primulacées,C
Asterolinum linum-stellatum,Primulacées,CC
Anagallis arvensis ssp. phoenicea,Primulacées,CC
Anagallis arvensis ssp. parviflora,Primulacées,AC
Anagallis arvensis ssp. latifolia,Primulacées,C
Samolus valerandi,Primulacées,CC
Lysimachia cousiniana,Primulacées,AC
Armeria mauritanica var. eu-mauritanica,Plumbaginacées,AC
Armeria alliacea,Plumbaginacées,R
Armeria plantaginea ssp. leucantha,Plumbaginacées,AC
Plumbago europea,Plumbaginacées,AC
Limonium echioides ssp. eu-echioides,Plumbaginacées,CC
Limonium minutum ssp. acutifolium,Plumbaginacées,RR
Limonium densiflorum,Plumbaginacées,C
Limonium spathulatum ssp. spathulatum,Plumbaginacées,RR
Limonium spathulatum ssp. rusicadensis,Plumbaginacées,RR
Limonium psilodadon,Plumbaginacées,C
Fraxinus angustifolia,Oleacées,C
Jasminum fruticans,Oleacées,CC
Olea europea var. oleaster,Oleacées,CC
Phillyrea angustifolia ssp. eu-angustifolia,Oleacées,R
Phillyrea angustifolia ssp. media,Oleacées,CC
Phillyrea angustifolia ssp. latifolia,Oleacées,CC
Blatkstonia perfoliata ssp. eu-perfoliata,Gentianacées,RR
Blatkstonia perfoliata ssp. grandiflora,Gentianacées,CC
Centaurium maritimum,Gentianacées,AR
Centaurium spicatum,Gentianacées,C
Centaurium pulchellum ssp. tenuiflorum,Gentianacées,C
Centaurium pulchellum ssp. eu-pulchellum,Gentianacées,C
Centaurium pulchellum ssp. grandiflorum,Gentianacées,R
Centaurium umbellatum ssp. suffruticosum,Gentianacées,CC
Exaculum pusilium,Gentianacées,RR
Nerium oleander,Apocynacées,CC
Vinca difformis,Apocynacées,CC
Gomphocarpus fruticosus,Asclepiadacées,R
Cynanchum acutum,Asclepiadacées,CC
Vincetoxicum officinale,Asclepiadacées,AC
Cuscuta australis,Convolvulacées,RR
Cuscuta epithymum ssp. approximata,Convolvulacées,AC
Cuscuta epithymum ssp. trifolii,Convolvulacées,R
Cuscuta epithymum ssp. eu-epithymum,Convolvulacées,CC
Cuscuta epithymum ssp. planiflora,Convolvulacées,CC
Cuscuta epilinum,Convolvulacées,R
Cressa cretica,Convolvulacées,AR
Ipomaea sagittata,Convolvulacées,R
Calystegia sepuim,Convolvulacées,C
Calystegia soldanella,Convolvulacées,RR
Convolvulus humilis,Convolvulacées,CC
Convolvulus tricolor ssp. meonanthus,Convolvulacées,CC
Convolvulus tricolor ssp. hortensis,Convolvulacées,CC
Convolvulus tricolor ssp. cupanianus,Convolvulacées,CC
Convolvulus sabatius ssp. mauritanicus,Convolvulacées,AR
Convolvulus siculus ssp. eu-siculus,Convolvulacées,CC
Convolvulus cantabrica,Convolvulacées,C
Convolvulus lineatus,Convolvulacées,AC
Convolvulus althaeoides ssp. elegantissimus,Convolvulacées,CC
Convolvulus althaeoides ssp. typicus,Convolvulacées,CC
Convolvulus dryadum,Convolvulacées,RR
Convolvulus arvensis,Convolvulacées,CC
Cerinthe major ssp. eu-major,Boraginacées,CC
Cerinthe major ssp. gymnandra,Boraginacées,CC
Echium italicum ssp. pyrenaicum,Boraginacées,AC
Echium plantagineum,Boraginacées,CC
Echium confusum,Boraginacées,CC
Borago officinaiis,Boraginacées,CC
Cynoglossum cheirifolium,Boraginacées,C
Cynoglossum clandestinum,Boraginacées,CC
Cynoglossum dioscoridis,Boraginacées,AC
Cynoglossum creticum,Boraginacées,CC
Onosma fastigiatum,Boraginacées,AR
Heliotropium supinum,Boraginacées,AC
Heliotropium europeum,Boraginacées,CC
Myosotis lingulata,Boraginacées,AR
Myosotis alpestris ssp. silvatica,Boraginacées,AC
Myosotis versicolor,Boraginacées,R
Myosotis collina,Boraginacées,CC
Nonnea vesicaria,Boraginacées,CC
Alkanna tinctoria,Boraginacées,AC
Lithospermum rosmarinifolium,Boraginacées,RR
Lithospermum apulum,Boraginacées,CC
Lithospermum arvense,Boraginacées,CC
Anchusa azurea,Boraginacées,CC
Vitex agnus-castus,Verbenacées,AR
Lippia canescens,Verbenacées,R
Verbena officinalis,Verbenacées,CC
Verbena supina,Verbenacées,AR
Lycopus europaeus,Labiées,AR
Mentha rotundifolia,Labiées,CC
Mentha longifolia,Labiées,RR
Mentha aquatica,Labiées,AR
Mentha pulegium,Labiées,AC
Ajuga reptans,Labiées,R
Ajuga iva var. pseudo-iva,Labiées,CC
Ajuga chamaepitys,Labiées,AR
Teucrium pseudo-chamaepitys,Labiées,CC
Teucrium resupinatum,Labiées,C
Teucrium atratum,Labiées,R
Teucrium pseudo-scorodonia,Labiées,AC
Teucrium kabylicum,Labiées,RR
Teucrium scordioides,Labiées,CC
Teucrium chamaedrys,Labiées,AC
Teucrium flavum,Labiées,CC
Teucrium polium ssp. luteum,Labiées,RR
Teucrium polium ssp. capitatum,Labiées,CC
Teucrium polium ssp. polium,Labiées,CC
Rosmarinus officinalis,Labiées,CC
Salvia verbenaca ssp. clandestina,Labiées,C
Salvia verbenaca ssp. eu-verbenaca,Labiées,CC
Salvia verbenaca ssp. horminioides,Labiées,AR
Salvia horminum,Labiées,AC
Salvia sclarea,Labiées,R
Salvia barrelieri ssp. bicolor,Labiées,AC
Saccocalyx satureioides,Labiées,R
Lavandula stoechas,Labiées,CC
Lavandula multifida,Labiées,AC
Sideritis romana ssp. numida,Labiées,RR
Sideritis arborescens ssp. ortanedae,Labiées,R
Marrubium vulgare,Labiées,CC
Marrubium alysson,Labiées,CC
Prasium majus,Labiées,CC
Scutellaria columnae,Labiées,R
Prunella laciniata,Labiées,C
Prunella vulgaris,Labiées,AR
Thymus fontanesii,Labiées,C
Thymus dreatensis,Labiées,RR
Thymus numidicus,Labiées,AR
Thymus algeriensis,Labiées,CC
Thymus ciliatus ssp. eu-ciliatus,Labiées,CC
Thymus ciliatus ssp. coloratus,Labiées,C
MeIissa officinalis,Labiées,AR
Satureja juliana,Labiées,RR
Satureja graeca,Labiées,CC
Satureja rotundifolia,Labiées,CC
Satureja granatensis,Labiées,CC
Satureja vulgaris ssp. villosa,Labiées,CC
Satureja baborensis,Labiées,R
Satureja pomelii,Labiées,R
Satureja hispidula,Labiées,RR
Satureja calamintha ssp. nepeta,Labiées,AR
Satureja calamintha ssp. adscendens,Labiées,CC
Satureja calamintha ssp. silvatica,Labiées,R
Lamium flexuosum,Labiées,AC
Lamium longiflorum var. numidicum,Labiées,AR
Lamium amplexicaule,Labiées,CC
Lamium mauritanicum,Labiées,R
Lamium purpureum,Labiées,R
Phlomis crinita ssp. mauritanica,Labiées,CC
Phlomis bovei,Labiées,R
Phlomis herbaventi ssp.: pungens,Labiées,R
Stachys ocymastrum,Labiées,C
Stachys marrubifolia,Labiées,R
Stachys arvensis,Labiées,CC
Stachys maritima,Labiées,RR
Stachys officinalis var. algeriensis,Labiées,AC
Stachys hydrophila,Labiées,R
Ballota nigra,Labiées,CC
Nepeta apulei,Labiées,R
Nepeta multibracteata,Labiées,AC
Origanum glandulosum,Labiées,C
Nicotiana glauca,Solanacées,AC
Lycium europeum,Solanacées,CC
Solanum nigrum ssp. viilosum,Solanacées,AR
Solanum nigrum ssp. eu-nigrum,Solanacées,CC
Solanum dulcamara,Solanacées,AR
Solanum sodomaeum,Solanacées,R
Mandragora autumnalis,Solanacées,R
Salpichroa rhomboïdea,Solanacées,AR
Atropa belladonna,Solanacées,R
Datura stramonium ssp. eu-stramonium,Solanacées,AC
Datura stramonium ssp. tatula,Solanacées,AC
Hyoscyamus albus,Solanacées,CC
Hyoscyamus niger,Solanacées,AR
Veronica beccabunga,Scrofulariacées,AC
Veronica anagallis-aquatica ssp. anagalloides,Scrofulariacées,R
Veronica anagallis-aquatica ssp. aquatica,Scrofulariacées,CCC
Veronica montana,Scrofulariacées,RR
Veronica rosea,Scrofulariacées,R
Veronica hederaefolia,Scrofulariacées,AC
Veronica cymbalaria,Scrofulariacées,CCC
Veronica persica,Scrofulariacées,RR
Veronica pollita,Scrofulariacées,CC
Veronica agrestis,Scrofulariacées,AC
Veronica serpyllifoiia ssp. eu-serpyllifolia,Scrofulariacées,RR
Veronica arvensis,Scrofulariacées,CCC
Veronica praecox,Scrofulariacées,R
Verbascum blattaria,Scrofulariacées,R
Verbascum sinuatum,Scrofulariacées,CC
Verbascum rotundifolium ssp. eu-rotundifolium,Scrofulariacées,AR
Celsia cretica,Scrofulariacées,CC
Celsia betonicifolia,Scrofulariacées,CC
DigitaIis atlantica,Scrofulariacées,RR
Linaria cymbalaria,Scrofulariacées,R
Linaria elatinoides,Scrofulariacées,C
Linaria spuria,Scrofulariacées,CC
Linaria commutata,Scrofulariacées,AC
Linaria lanigera,Scrofulariacées,AR
Linaria rubrifolia var. raveyi,Scrofulariacées,AR
Linaria reflexa,Scrofulariacées,CCC
Linaria decipiens,Scrofulariacées,R
Linaria triphylla,Scrofulariacées,CC
Linaria virgata ssp. algeriensis,Scrofulariacées,CC
Linaria simplex,Scrofulariacées,AC
Linaria heterophylla ssp. eu-heterophylla,Scrofulariacées,CC
Linaria arvensis ssp. micrantha,Scrofulariacées,R
Linaria tristis ssp. marginata,Scrofulariacées,AC
Linaria pinnifolia,Scrofulariacées,R
Anarrhinum pedatum,Scrofulariacées,CC
Antirrhinum orontinm,Scrofulariacées,AC
Antirrhinum majus ssp. eu-majus,Scrofulariacées,AC
Scrofularia canina,Scrofulariacées,CC
Scrofularia sambucifolia ssp. mellifera,Scrofulariacées,CC
Scrofularia tenuipes,Scrofulariacées,R
Scrofularia iaevigata ssp. simplicifolia,Scrofulariacées,AC
Scrofularia iaevigata ssp. pellucida,Scrofulariacées,R
Scrofularia hispida,Scrofulariacées,C
Scrofularia aquatica ssp. auriculata,Scrofulariacées,CC
Pedicularis numidica,Scrofulariacées,RR
Odontites viscosa ssp. australis,Scrofulariacées,R
Odontites lutea ssp. triboutii,Scrofulariacées,RR
Odontites violacea,Scrofulariacées,R
Odontites rigidifolia,Scrofulariacées,RR
Odontites purpurea ssp. purpurea,Scrofulariacées,CC
Odontites fradini,Scrofulariacées,RR
Bellardia trixago,Scrofulariacées,CC
Parentucellia latifolia,Scrofulariacées,CC
Parentucellia viscosa,Scrofulariacées,CC
Orobanche ramosa,Orobanchacées,CC
Orobanche schultzii,Orobanchacées,AC
Orobanche rapum-genistae,Orobanchacées,RR
Orobanche sanguinea,Orobanchacées,CC
Orobanche crenata,Orobanchacées,C
Orobanche variegata,Orobanchacées,CC
Orobanche caryophyllacea,Orobanchacées,R
Orobanche amethystea,Orobanchacées,R
Orobanche barbata,Orobanchacées,CC
Utricularia vulgaris ssp. major,Lentibulariacées,R
Globularia alypum ssp. eu-alypum,Globulariacées,CC
Acanthus mollis ssp. platyphyllus,Acanthacées,CC
Plantago major ssp. eu-major,Plantaginacées,CC
Plantago coronopus ssp. cupani,Plantaginacées,AR
Plantago coronopus ssp. macrorrhiza,Plantaginacées,C
Plantago coronopus ssp. eu-coronopus,Plantaginacées,CC
Plantago coronopus ssp. commutata,Plantaginacées,AR
Plantago serraria,Plantaginacées,CC
Plantago albicans,Plantaginacées,CC
Plantago lagopus,Plantaginacées,CC
Plantago lanceolata ssp. eu-ianceolata,Plantaginacées,AC
Plantago lanceolata ssp. intermedia,Plantaginacées,AR
Plantago bellardii,Plantaginacées,CC
Crucianella maritima,Rubiacées,CC
Crucianella angustifolia,Rubiacées,AC
Vaillantia hispida,Rubiacées,AC
Vaillantia muralis,Rubiacées,R
Rubia peregrina,Rubiacées,CC
Rubia tinctorum,Rubiacées,AR
Galium rotundifolium,Rubiacées,CC
Galium perralderii,Rubiacées,AR
Galium palustre var. elongatum,Rubiacées,C
Galium tunetanum,Rubiacées,CC
Galium mollugo ssp. erectum,Rubiacées,R
Galium mollugo ssp. corrudaefolium,Rubiacées,CC
Galium murale,Rubiacées,CC
Galium viscosum ssp. eu-viscosum,Rubiacées,CC
Galium parisiense ssp. divaricatum,Rubiacées,CC
Galium parisiense ssp. eu-parisiense,Rubiacées,CC
Galium aparine ssp. verum,Rubiacées,CC
Galium aparine ssp. spurium,Rubiacées,AC
Galium tricorne,Rubiacées,CC
Galium valantia,Rubiacées,CC
Asperula arvensis,Rubiacées,AR
Asperula odorata,Rubiacées,RR
Asperula laeviiata,Rubiacées,CC
Asperula hirsuta,Rubiacées,CC
Asperula cynanchica ssp. aristata,Rubiacées,CC
Sherardia arvensis,Rubiacées,CC
Sambucus ebulus,Caprifoliacées,AR
Sambucus nigra,Caprifoliacées,R
Viburnum lantana var. glabratum,Caprifoliacées,RR
Viburnum tinus,Caprifoliacées,CC
Lonicera kabylica,Caprifoliacées,R
Lonicera implexa,Caprifoliacées,CC
Lonicera etrusca,Caprifoliacées,AR
Valeriana tuberosa,Valerianacées,AC
Kentranthus ruber,Valerianacées,CC
Kentranthus calcitrapa,Valerianacées,CC
Fedia cornucopiae,Valerianacées,CC
Fedia sulcata,Valerianacées,AR
Fedia scorpioides,Valerianacées,R
Fedia caput-bovis ssp. caput-bovis,Valerianacées,CC
Valerianella coronata ssp. eu-coronata,Valerianacées,C
Valerianella coronata ssp. discoidea,Valerianacées,C
Valerianella chlorodonta,Valerianacées,AC
Valerianella eriocarpa ssp. truncata,Valerianacées,R
Valerianella carinata,Valerianacées,CC
Valerianella morisoni ssp. microcarpa,Valerianacées,CC
Dipsacus silvestris,Dipsacées,CC
Knautia arvensis,Dipsacées,AC
Scabiosa rutifolia,Dipsacées,CC
Scabiosa semipapposa,Dipsacées,CC
Scabiosa atropurpurea ssp. maritima,Dipsacées,CC
Scabiosa stellata ssp. eu-stellata,Dipsacées,RR
Scabiosa stellata ssp. monspeliensis,Dipsacées,CC
Scabiosa crenata,Dipsacées,AR
Scabiosa columbaria,Dipsacées,R
Ecballium elaterium,Cucurbitacées,C
Bryonia dioica,Cucurbitacées,CC
Laurentia michelii,Campanulacées,AC
Jasione montana,Campanulacées,AC
Trachelium coeruleum,Campanulacées,C
Specularia juliani,Campanulacées,C
Specularia falcata,Campanulacées,C
Specularia hybrida,Campanulacées,R
Campanula erinus,Campanulacées,CC
Campanula dichotoma ssp. eu-dichotoma,Campanulacées,CC
Campanula dichotoma ssp. kremeri,Campanulacées,AC
Campanula alata,Campanulacées,AC
Campanula rapunculus,Campanulacées,C
Campanula trachelium ssp. genuina,Campanulacées,RR
Campanula trachelium ssp. mauritanica,Campanulacées,AC
Eupatorium cannabinum,Synantheracées,R
Solidago virgaurea,Synantheracées,AR
Bellis silvestris var. pappulosa,Synantheracées,R
Bellis silvestris var. rotundifoiia,Synantheracées,AC
Bellis silvestris var. atlantica,Synantheracées,CCC
Bellis annua ssp. eu-annua,Synantheracées,CCC
Erigeron canadensis,Synantheracées,C
Erigeron bonariensis,Synantheracées,C
Conyza naudini,Synantheracées,C
Aster tripolium,Synantheracées,C
Aster squamatus,Synantheracées,C
Micropus bombicinus,Synantheracées,CCC
Micropus supinus,Synantheracées,CCC
Evax pygmaea,Synantheracées,CCC
Evacidium discolor,Synantheracées,AR
Filago heterantha ssp. cupaniana,Synantheracées,R
Filago gallica,Synantheracées,CC
Filago spathulata,Synantheracées,CC
Filago germanica ssp. numidica,Synantheracées,RR
Filago germanica ssp. eu-germanica,Synantheracées,CC
Phagnalon sordidum,Synantheracées,AC
Gnaphalium luteo-album,Synantheracées,AC
EIichrysum stoechas ssp. rupestre,Synantheracées,CCC
Inula graveolens,Synantheracées,CC
Inula viscosa,Synantheracées,CC
Inula crithmoides,Synantheracées,CC
Inula squarrosa,Synantheracées,RR
Inula montana,Synantheracées,AC
Pulicaria dysenterica,Synantheracées,C
Pulicaria odora,Synantheracées,CC
Pulicaria sicula,Synantheracées,CC
Pallenis spinosa ssp. eu-spinosa,Synantheracées,CC
Asteriscus aquaticus,Synantheracées,AC
Asteriscus maritimus,Synantheracées,CCC
Xanthium spinosum,Synantheracées,C
Xanthium strumarium var. typicum,Synantheracées,CCC
Xanthium strumarium var. brasilicum,Synantheracées,CCC
Xanthium cavanillesii,Synantheracées,R
Tussilago farfara,Synantheracées,R
Petasites fragrans,Synantheracées,C
Doronicum atlanticum,Synantheracées,AC
Senecio hoggariensis,Synantheracées,AC
Senecio lividus ssp. foeniculaceus,Synantheracées,AR
Senecio vulgaris,Synantheracées,CCC
Senecio delphinifolius,Synantheracées,AC
Senecio perralderianus,Synantheracées,AC
Senecio giganteus,Synantheracées,CC
Senecio jacobaea var. barbareaefolius,Synantheracées,CC
Senecio gallerandianus,Synantheracées,R
Calendula arvensis ssp. communis var. bicolor,Synantheracées,CCC
Calendula arvensis ssp. communis var. eu-arvensis,Synantheracées,CCC
Calendula arvensis ssp. communis var. stellata,Synantheracées,AC
Calendula tomentosa ssp. marginata var. marginata,Synantheracées,R
Calendula suffruticosa ssp. eu-suffruticosa,Synantheracées,CC
Santolina rosmarinifolia ssp. pectinata,Synantheracées,R
Lonas annua,Synantheracées,AR
Anthemis maritima,Synantheracées,AC
Anthemis montana ssp. numidica var. eu-tuberculata f. eradiata,Synantheracées,R
Anthemis pedunculata ssp. tuberculata,Synantheracées,AR
Anthemis punctata,Synantheracées,R
Ormenis mixta ssp. eu-mixta,Synantheracées,CC
Ormenis praecox,Synantheracées,CCC
Anacyclus pyrethrum,Synantheracées,C
Anacyclus ciavatus,Synantheracées,CC
Diotis maritima,Synantheracées,AC
Otospermum glabrum,Synantheracées,RR
Chrysanthemum grandiflorum,Synantheracées,CC
Chrysanthemum corymbosum ssp. achilleae,Synantheracées,AC
Chrysanthemum paludosum ssp. glabrum,Synantheracées,CCC
Chrysanthemum coronarium,Synantheracées,CC
Chrysanthemum segetum,Synantheracées,CC
Chrysanthemum clausonis,Synantheracées,AR
Chrysanthemum myconis,Synantheracées,CC
Artemisia absinthium,Synantheracées,R
Artemisia arborescens,Synantheracées,CC
Echinops spinosus ssp. bovei,Synantheracées,CC
Echinops strigosus,Synantheracées,CCC
Broteroa amethystina,Synantheracées,AR
Xeranthemum inapertum,Synantheracées,CC
CarIina racemosa,Synantheracées,CCC
CarIina lanata,Synantheracées,AC
CarIina involucrata ssp. corymbosa,Synantheracées,C
AtractyIis gummifera,Synantheracées,CC
AtractyIis serrata,Synantheracées,RR
AtractyIis cancellata,Synantheracées,CCC
Arctium minus ssp. atlanticum,Synantheracées,R
Staehelina dubia,Synantheracées,AC
Carduns nutans ssp. eu-nutans var. typicus,Synantheracées,AC
Carduns nutans ssp. macrocephalus,Synantheracées,RR
Carduns pteracanthus var. eu-pteracanthus,Synantheracées,CCC
Carduns pteracanthus var. leptocladus,Synantheracées,AC
Carduns pycnocephalus ssp. tenuiflorus,Synantheracées,CC
Carduns pycnocephalus ssp. eu-pycnocephalus,Synantheracées,CCC
Cirsium acarna,Synantheracées,AC
Cirsium syriacum,Synantheracées,AC
Cirsium monspessulanum,Synantheracées,R
Cirsium scabrum,Synantheracées,CC
Cirsium echinatum var. echinatum,Synantheracées,CCC
Cynara cardunculus var. silvestris,Synantheracées,C
Silybum marianum,Synantheracées,CCC
Galactites tomentosa,Synantheracées,CCC
Galactites mutabilis,Synantheracées,AR
Onopordon macracanthum,Synantheracées,CC
Crupina cruspinastrum,Synantheracées,C
Crupina intermedia,Synantheracées,R
Serratula cichoracea ssp. mucronata,Synantheracées,AC
Centaurea africana var. tagana,Synantheracées,CCC
Centaurea napifolia,Synantheracées,CC
Centaurea amara ssp. angustifolia,Synantheracées,C
Centaurea pullata,Synantheracées,CCC
Centaurea eriophora,Synantheracées,AR
Centaurea melitensis,Synantheracées,AC
Centaurea incana ssp. pubescens,Synantheracées,CC
Centaurea nicaeensis ssp. nicaeensis,Synantheracées,CCC
Centaurea calcitrapa,Synantheracées,CCC
Centaurea diluta ssp. algeriensis,Synantheracées,CCC
Centaurea sphaerocephala,Synantheracées,CCC
Volutaria lippii ssp. tubuliflora,Synantheracées,C
Volutaria lippii ssp. eu-lippii,Synantheracées,C
Mantisalca salmantica,Synantheracées,CC
Rhaponticum acaule,Synantheracées,CC
Leuzea conifera,Synantheracées,AC
Carthamus ianatus ssp. baeticus,Synantheracées,CCC
Carthamus strictus,Synantheracées,R
Carthamus caeruleus,Synantheracées,CCC
Carthamus multifidus,Synantheracées,CCC
Carthamus calvus,Synantheracées,C
Scolymus maculatus,Synantheracées,CC
Scolymus grandiflorus,Synantheracées,CC
Scolymus hispanicus,Synantheracées,CC
Catananche lutea,Synantheracées,CC
Catananche coerulea,Synantheracées,R
Catananche montana,Synantheracées,AR
Cichorium intybus ssp. eu-intybus,Synantheracées,CC
Cichorium intybus ssp. pumilum,Synantheracées,CC
Lapsana communis ssp. macrocarpa,Synantheracées,CC
Tolpis barbata ssp. eu-barbata,Synantheracées,RR
Tolpis barbata ssp. umbellata,Synantheracées,CC
Tolpis virgata,Synantheracées,CC
Hyoseris scabra,Synantheracées,C
Hyoseris radiata,Synantheracées,CC
Rhagadiolus stellatus,Synantheracées,CCC
Hedypnois cretica ssp. monspeliensis,Synantheracées,CC
Hedypnois cretica ssp. tubiformis,Synantheracées,C
Hypochoeris glabra,Synantheracées,CCC
Hypochoeris radicata ssp. eu-radicata,Synantheracées,CC
Hypochoeris saldensis,Synantheracées,R
Hypochoeris achyrophorus,Synantheracées,CCC
Hypochoeris laevigata,Synantheracées,CC
Urospermum dalechampii,Synantheracées,CC
Urospermum picroides,Synantheracées,CC
Leontodon saxatilis ssp. rothii,Synantheracées,CC
Leontodon tuberosus,Synantheracées,CC
Leontodon cichoraceus,Synantheracées,AR
Picris echioides,Synantheracées,CC
Picris comosa var. rubiginosa,Synantheracées,RR
Picris comosa var. racemosa,Synantheracées,R
Picris comosa var. colilosa,Synantheracées,R
Picris duriaei,Synantheracées,CC
Picris aculeata,Synantheracées,AC
Tragopogon porrifolius ssp. porrifolius var. australis,Synantheracées,R
Geropogon glaber,Synantheracées,AC
Scorzonera laciniata,Synantheracées,C
Scorzonera coronopifolia,Synantheracées,C
Scorzonera undulata ssp. deliciosa,Synantheracées,CC
AndryaIa laxiflora,Synantheracées,RR
AndryaIa floccosa,Synantheracées,R
AndryaIa integrifolia,Synantheracées,CC
AndryaIa rothia ssp. cosyrensis,Synantheracées,R
Chondrilla juncea,Synantheracées,CC
Taraxacum megalorrhizon,Synantheracées,AR
Taraxacum obovatum,Synantheracées,C
Taraxacum laevigatum,Synantheracées,AC
Sonchus tenerrimus ssp. eu-tenerrimus,Synantheracées,CC
Sonchus maritimus,Synantheracées,AC
Sonchus asper ssp. eu-asper,Synantheracées,CC
Sonchus arvensis var. arvensis,Synantheracées,AC
Sonchus oleraceus,Synantheracées,CCC
Lactuca muralis,Synantheracées,R
Lactuca viminea var. chondrilliflora,Synantheracées,CCC
Lactuca saligna,Synantheracées,CC
Lactuca seriola,Synantheracées,AC
Reichardia picroides ssp. eu-picroides,Synantheracées,CCC
Reichardia picroides ssp. intermedia,Synantheracées,CC
Reichardia tingitana ssp. eu-tingitana,Synantheracées,CC
Crepis patula,Synantheracées,R
Crepis vesicaria ssp. myriocephala,Synantheracées,CC
Crepis vesicaria ssp. taraxacifolia,Synantheracées,C
AEtheorrhiza bulbosa,Synantheracées,CC
Hieracium pseudo-pilosella ssp. atlantis,Synantheracées,CC
Hieracium juranum ssp. subperfoliatum var. genuinum,Synantheracées,RR
Hieracium ernesti,Synantheracées,RRR
